<?xml version="1.0" encoding="utf-8"?>
<unattend xmlns="urn:schemas-microsoft-com:unattend">
    <settings pass="windowsPE">
        <component name="Microsoft-Windows-PnpCustomizationsWinPE" publicKeyToken="31bf3856ad364e35" language="neutral" versionScope="nonSxS" processorArchitecture="amd64" xmlns:wcm="http://schemas.microsoft.com/WMIConfig/2002/State">
            <!--
                 This makes the VirtIO drivers available to Windows, assuming that
                 the VirtIO driver disk at https://fedorapeople.org/groups/virt/virtio-win/direct-downloads/stable-virtio/virtio-win.iso
                 (see https://docs.fedoraproject.org/en-US/quick-docs/creating-windows-virtual-machines-using-virtio-drivers/index.html#virtio-win-direct-downloads)
                 is available as drive E:
            -->
            <DriverPaths>
                <PathAndCredentials wcm:action="add" wcm:keyValue="2">
                    <Path>E:\viostor\2k19\amd64</Path>
                </PathAndCredentials>

                <PathAndCredentials wcm:action="add" wcm:keyValue="3">
                    <Path>E:\NetKVM\2k19\amd64</Path>
                </PathAndCredentials>

                <PathAndCredentials wcm:action="add" wcm:keyValue="4">
                    <Path>E:\Balloon\2k19\amd64</Path>
                </PathAndCredentials>

                <PathAndCredentials wcm:action="add" wcm:keyValue="5">
                    <Path>E:\pvpanic\2k19\amd64</Path>
                </PathAndCredentials>

                <PathAndCredentials wcm:action="add" wcm:keyValue="6">
                    <Path>E:\qemupciserial\2k19\amd64</Path>
                </PathAndCredentials>

                <PathAndCredentials wcm:action="add" wcm:keyValue="7">
                    <Path>E:\qxldod\2k19\amd64</Path>
                </PathAndCredentials>

                <PathAndCredentials wcm:action="add" wcm:keyValue="8">
                    <Path>E:\vioinput\2k19\amd64</Path>
                </PathAndCredentials>

                <PathAndCredentials wcm:action="add" wcm:keyValue="9">
                    <Path>E:\viorng\2k19\amd64</Path>
                </PathAndCredentials>

                <PathAndCredentials wcm:action="add" wcm:keyValue="10">
                    <Path>E:\vioscsi\2k19\amd64</Path>
                </PathAndCredentials>

                <PathAndCredentials wcm:action="add" wcm:keyValue="11">
                    <Path>E:\vioserial\2k19\amd64</Path>
                </PathAndCredentials>
            </DriverPaths>
        </component>
        <component name="Microsoft-Windows-International-Core-WinPE" processorArchitecture="amd64" publicKeyToken="31bf3856ad364e35" language="neutral" versionScope="nonSxS" xmlns:wcm="http://schemas.microsoft.com/WMIConfig/2002/State" xmlns:xsi="http://www.w3.org/2001/XMLSchema-instance">
            <SetupUILanguage>
                <UILanguage>en-US</UILanguage>
            </SetupUILanguage>
            <InputLocale>en-US</InputLocale>
            <SystemLocale>en-US</SystemLocale>
            <UILanguage>en-US</UILanguage>
            <UILanguageFallback>en-US</UILanguageFallback>
            <UserLocale>en-US</UserLocale>
        </component>
        <component name="Microsoft-Windows-Setup" processorArchitecture="amd64" publicKeyToken="31bf3856ad364e35" language="neutral" versionScope="nonSxS" xmlns:wcm="http://schemas.microsoft.com/WMIConfig/2002/State" xmlns:xsi="http://www.w3.org/2001/XMLSchema-instance">
            <DiskConfiguration>
                <Disk wcm:action="add">
                    <CreatePartitions>
                        <CreatePartition wcm:action="add">
                            <Type>Primary</Type>
                            <Order>1</Order>
                            <Size>350</Size>
                        </CreatePartition>
                        <CreatePartition wcm:action="add">
                            <Order>2</Order>
                            <Type>Primary</Type>
                            <Extend>true</Extend>
                        </CreatePartition>
                    </CreatePartitions>
                    <ModifyPartitions>
                        <ModifyPartition wcm:action="add">
                            <Active>true</Active>
                            <Format>NTFS</Format>
                            <Label>boot</Label>
                            <Order>1</Order>
                            <PartitionID>1</PartitionID>
                        </ModifyPartition>
                        <ModifyPartition wcm:action="add">
                            <Format>NTFS</Format>
                            <Label>Windows 2019</Label>
                            <Letter>C</Letter>
                            <Order>2</Order>
                            <PartitionID>2</PartitionID>
                        </ModifyPartition>
                    </ModifyPartitions>
                    <DiskID>0</DiskID>
                    <WillWipeDisk>true</WillWipeDisk>
                </Disk>
            </DiskConfiguration>
            <ImageInstall>
                <OSImage>
                    <InstallFrom>
                        <MetaData wcm:action="add">
                            <Key>/IMAGE/NAME</Key>
                            <Value>Windows Server 2019 SERVERSTANDARD</Value>
                        </MetaData>
                    </InstallFrom>
                    <InstallTo>
                        <DiskID>0</DiskID>
                        <PartitionID>2</PartitionID>
                    </InstallTo>
                </OSImage>
            </ImageInstall>
            <UserData>
                <ProductKey>
                    <WillShowUI>OnError</WillShowUI>
                </ProductKey>
                <AcceptEula>true</AcceptEula>
                <FullName>Windows</FullName>
                <Organization>Organization</Organization>
            </UserData>
        </component>
    </settings>
  <settings pass="generalize">
    <component name="Microsoft-Windows-Security-SPP" processorArchitecture="amd64" publicKeyToken="31bf3856ad364e35" language="neutral" versionScope="nonSxS" xmlns:wcm="http://schemas.microsoft.com/WMIConfig/2002/State" xmlns:xsi="http://www.w3.org/2001/XMLSchema-instance">
      <SkipRearm>1</SkipRearm>
    </component>
    <component name="Microsoft-Windows-PnpSysprep" processorArchitecture="amd64" publicKeyToken="31bf3856ad364e35" language="neutral" versionScope="nonSxS" xmlns:wcm="http://schemas.microsoft.com/WMIConfig/2002/State" xmlns:xsi="http://www.w3.org/2001/XMLSchema-instance">
      <PersistAllDeviceInstalls>false</PersistAllDeviceInstalls>
      <DoNotCleanUpNonPresentDevices>false</DoNotCleanUpNonPresentDevices>
    </component>
  </settings>
  <settings pass="oobeSystem">
    <component name="Microsoft-Windows-International-Core" processorArchitecture="amd64" publicKeyToken="31bf3856ad364e35" language="neutral" versionScope="nonSxS" xmlns:wcm="http://schemas.microsoft.com/WMIConfig/2002/State" xmlns:xsi="http://www.w3.org/2001/XMLSchema-instance">
      <InputLocale>en-US</InputLocale>
      <SystemLocale>en-US</SystemLocale>
      <UILanguage>en-US</UILanguage>
      <UserLocale>en-US</UserLocale>
    </component>
    <component name="Microsoft-Windows-Shell-Setup" processorArchitecture="amd64" publicKeyToken="31bf3856ad364e35" language="neutral" versionScope="nonSxS" xmlns:wcm="http://schemas.microsoft.com/WMIConfig/2002/State" xmlns:xsi="http://www.w3.org/2001/XMLSchema-instance">
            <OOBE>
                <HideEULAPage>true</HideEULAPage>
                <HideLocalAccountScreen>true</HideLocalAccountScreen>
                <HideOEMRegistrationScreen>true</HideOEMRegistrationScreen>
                <HideOnlineAccountScreens>true</HideOnlineAccountScreens>
                <HideWirelessSetupInOOBE>true</HideWirelessSetupInOOBE>
                <NetworkLocation>Home</NetworkLocation>
                <ProtectYourPC>3</ProtectYourPC>
                <SkipMachineOOBE>true</SkipMachineOOBE>
                <SkipUserOOBE>true</SkipUserOOBE>
            </OOBE>
      <TimeZone>UTC</TimeZone>
      <UserAccounts>
        <LocalAccounts>
          <LocalAccount wcm:action="add">
            <Password>
              <Value>vagrant</Value>
              <PlainText>true</PlainText>
            </Password>
            <Description>Windows User</Description>
            <DisplayName>windows</DisplayName>
            <Group>administrators</Group>
            <Name>windows</Name>
          </LocalAccount>
        </LocalAccounts>
      </UserAccounts>
            <AutoLogon>
                <Password>
                    <Value>vagrant</Value>
                    <PlainText>true</PlainText>
                </Password>
                <Username>windows</Username>
                <Enabled>true</Enabled>
            </AutoLogon>
      <FirstLogonCommands>
          <SynchronousCommand wcm:action="add">
              <CommandLine>cmd.exe /c powershell -Command "Set-ExecutionPolicy -ExecutionPolicy RemoteSigned -Force"</CommandLine>
              <Description>Set Execution Policy 64 Bit</Description>
              <Order>1</Order>
              <RequiresUserInput>true</RequiresUserInput>
          </SynchronousCommand>
          <SynchronousCommand wcm:action="add">
              <CommandLine>C:\Windows\SysWOW64\cmd.exe /c powershell -Command "Set-ExecutionPolicy -ExecutionPolicy RemoteSigned -Force"</CommandLine>
              <Description>Set Execution Policy 32 Bit</Description>
              <Order>2</Order>
              <RequiresUserInput>true</RequiresUserInput>
          </SynchronousCommand>
          <SynchronousCommand wcm:action="add">
              <CommandLine>cmd.exe /c winrm quickconfig -q</CommandLine>
              <Description>winrm quickconfig -q</Description>
              <Order>3</Order>
              <RequiresUserInput>true</RequiresUserInput>
          </SynchronousCommand>
          <SynchronousCommand wcm:action="add">
              <CommandLine>cmd.exe /c winrm quickconfig -transport:http</CommandLine>
              <Description>winrm quickconfig -transport:http</Description>
              <Order>4</Order>
              <RequiresUserInput>true</RequiresUserInput>
          </SynchronousCommand>
          <SynchronousCommand wcm:action="add">
              <CommandLine>cmd.exe /c winrm set winrm/config @{MaxTimeoutms="1800000"}</CommandLine>
              <Description>Win RM MaxTimoutms</Description>
              <Order>5</Order>
              <RequiresUserInput>true</RequiresUserInput>
          </SynchronousCommand>
          <SynchronousCommand wcm:action="add">
              <CommandLine>cmd.exe /c winrm set winrm/config/winrs @{MaxMemoryPerShellMB="800"}</CommandLine>
              <Description>Win RM MaxMemoryPerShellMB</Description>
              <Order>6</Order>
              <RequiresUserInput>true</RequiresUserInput>
          </SynchronousCommand>
          <SynchronousCommand wcm:action="add">
              <CommandLine>cmd.exe /c winrm set winrm/config/service @{AllowUnencrypted="true"}</CommandLine>
              <Description>Win RM AllowUnencrypted</Description>
              <Order>7</Order>
              <RequiresUserInput>true</RequiresUserInput>
          </SynchronousCommand>
          <SynchronousCommand wcm:action="add">
              <CommandLine>cmd.exe /c winrm set winrm/config/service/auth @{Basic="true"}</CommandLine>
              <Description>Win RM auth Basic</Description>
              <Order>8</Order>
              <RequiresUserInput>true</RequiresUserInput>
          </SynchronousCommand>
          <SynchronousCommand wcm:action="add">
              <CommandLine>cmd.exe /c winrm set winrm/config/client/auth @{Basic="true"}</CommandLine>
              <Description>Win RM client auth Basic</Description>
              <Order>9</Order>
              <RequiresUserInput>true</RequiresUserInput>
          </SynchronousCommand>
          <SynchronousCommand wcm:action="add">
              <CommandLine>cmd.exe /c winrm set winrm/config/listener?Address=*+Transport=HTTP @{Port="5985"} </CommandLine>
              <Description>Win RM listener Address/Port</Description>
              <Order>10</Order>
              <RequiresUserInput>true</RequiresUserInput>
          </SynchronousCommand>
          <SynchronousCommand wcm:action="add">
              <CommandLine>cmd.exe /c netsh advfirewall firewall set rule group="remote administration" new enable=yes </CommandLine>
              <Description>Win RM adv firewall enable</Description>
              <Order>11</Order>
              <RequiresUserInput>true</RequiresUserInput>
          </SynchronousCommand>
          <SynchronousCommand wcm:action="add">
              <CommandLine>cmd.exe /c netsh firewall add portopening TCP 5985 "Port 5985" </CommandLine>
              <Description>Win RM port open</Description>
              <Order>12</Order>
              <RequiresUserInput>true</RequiresUserInput>
          </SynchronousCommand>
          <SynchronousCommand wcm:action="add">
              <CommandLine>cmd.exe /c net stop winrm </CommandLine>
              <Description>Stop Win RM Service </Description>
              <Order>13</Order>
              <RequiresUserInput>true</RequiresUserInput>
          </SynchronousCommand>
          <SynchronousCommand wcm:action="add">
              <CommandLine>%SystemRoot%\System32\reg.exe ADD HKCU\SOFTWARE\Microsoft\Windows\CurrentVersion\Explorer\Advanced\ /v HideFileExt /t REG_DWORD /d 0 /f</CommandLine>
              <Order>14</Order>
              <Description>Show file extensions in Explorer</Description>
          </SynchronousCommand>
          <SynchronousCommand wcm:action="add">
              <CommandLine>%SystemRoot%\System32\reg.exe ADD HKCU\Console /v QuickEdit /t REG_DWORD /d 1 /f</CommandLine>
              <Order>15</Order>
              <Description>Enable QuickEdit mode</Description>
          </SynchronousCommand>
          <SynchronousCommand wcm:action="add">
              <CommandLine>cmd.exe /c wmic useraccount where "name='windows'" set PasswordExpires=FALSE</CommandLine>
              <Order>16</Order>
              <Description>Disable password expiration for windows user</Description>
          </SynchronousCommand>
          <SynchronousCommand wcm:action="add">
              <CommandLine>%SystemRoot%\System32\reg.exe ADD HKLM\SYSTEM\CurrentControlSet\Control\Power\ /v HibernateFileSizePercent /t REG_DWORD /d 0 /f</CommandLine>
              <Order>17</Order>
              <Description>Zero Hibernation File</Description>
          </SynchronousCommand>
          <SynchronousCommand wcm:action="add">
              <CommandLine>%SystemRoot%\System32\reg.exe ADD HKLM\SYSTEM\CurrentControlSet\Control\Power\ /v HibernateEnabled /t REG_DWORD /d 0 /f</CommandLine>
              <Order>18</Order>
              <Description>Disable Hibernation Mode</Description>
          </SynchronousCommand>
          <SynchronousCommand wcm:action="add">
              <CommandLine>cmd.exe /c sc config winrm start= auto</CommandLine>
              <Description>Win RM Autostart</Description>
              <Order>19</Order>
              <RequiresUserInput>true</RequiresUserInput>
          </SynchronousCommand>
          <SynchronousCommand wcm:action="add">
              <CommandLine>cmd.exe /c net start winrm</CommandLine>
              <Description>Start Win RM Service</Description>
              <Order>20</Order>
              <RequiresUserInput>true</RequiresUserInput>
          </SynchronousCommand>
          <SynchronousCommand wcm:action="add">
              <CommandLine>cmd.exe /c %SystemRoot%\System32\reg.exe ADD HKLM\Software\Microsoft\Windows\CurrentVersion\policies\system\ /v EnableLUA /t REG_DWORD /d 0 /f</CommandLine>
              <Order>21</Order>
              <Description>Disable UAC</Description>
          </SynchronousCommand>
          <SynchronousCommand wcm:action="add">
              <CommandLine>cmd.exe /c a:\microsoft-updates.bat</CommandLine>
              <Order>98</Order>
              <Description>Enable Microsoft Updates</Description>
          </SynchronousCommand>
          <SynchronousCommand wcm:action="add">
              <CommandLine>cmd.exe /c C:\Windows\System32\WindowsPowerShell\v1.0\powershell.exe -Noninteractive -ExecutionPolicy Bypass -Noprofile -File a:\win-updates.ps1</CommandLine>
              <Description>Install Windows Updates</Description>
              <Order>100</Order>
              <RequiresUserInput>true</RequiresUserInput>
          </SynchronousCommand>
      </FirstLogonCommands>
    </component>
  </settings>
    <settings pass="specialize">
        <component xmlns:wcm="http://schemas.microsoft.com/WMIConfig/2002/State" xmlns:xsi="http://www.w3.org/2001/XMLSchema-instance" name="Microsoft-Windows-ServerManager-SvrMgrNc" processorArchitecture="amd64" publicKeyToken="31bf3856ad364e35" language="neutral" versionScope="nonSxS">
            <DoNotOpenServerManagerAtLogon>true</DoNotOpenServerManagerAtLogon>
        </component>
        <component xmlns:wcm="http://schemas.microsoft.com/WMIConfig/2002/State" xmlns:xsi="http://www.w3.org/2001/XMLSchema-instance" name="Microsoft-Windows-IE-ESC" processorArchitecture="amd64" publicKeyToken="31bf3856ad364e35" language="neutral" versionScope="nonSxS">
            <!--  Disable IE ESC.  -->
            <IEHardenAdmin>false</IEHardenAdmin>
            <IEHardenUser>false</IEHardenUser>
        </component>
        <component xmlns:wcm="http://schemas.microsoft.com/WMIConfig/2002/State" xmlns:xsi="http://www.w3.org/2001/XMLSchema-instance" name="Microsoft-Windows-OutOfBoxExperience" processorArchitecture="amd64" publicKeyToken="31bf3856ad364e35" language="neutral" versionScope="nonSxS">
            <DoNotOpenInitialConfigurationTasksAtLogon>true</DoNotOpenInitialConfigurationTasksAtLogon>
        </component>
    </settings>
</unattend>


